P&L - RDO Comp,,,,,,,,,,,,,,
Store / Area / Region / Cost Center,Cost Center: 2475 Bellevue Square Mall,,,,,,,,,,,,,
Company,All Consolidated Companies,,,,,,,,,,,,,
Period,FY 2025 - P01,,,,,,,,,,,,,
Translation Currency,USD,,,,,,,,,,,,,
,,,,,,,,,,,,,,
Ledger Account,Actuals,Actuals %,Plan,Plan %,VFP,Prior Year,Prior Year %,Actual YTD,Actual YTD %,Plan YTD,Plan YTD %,VFP YTD,Prior Year YTD,Prior Year %
,,,,,,,,,,,,,,
Sales,,,,,,,,,,,,,,
Food Sales,"$209,583.18 ",93.62%,"$215,332.85 ",94.87%,"($5,749.67)","$186,300.98 ",94.87%,"$209,583.18 ",93.62%,"$215,332.85 ",94.87%,"($5,749.67)","$186,300.98 ",94.87%
Drink Sales,"$17,228.58 ",7.70%,"$15,760.61 ",6.94%,"$1,467.97 ","$13,635.61 ",6.94%,"$17,228.58 ",7.70%,"$15,760.61 ",6.94%,"$1,467.97 ","$13,635.61 ",6.94%
Retail Sales,$477.52 ,0.21%,$99.41 ,0.04%,$378.11 ,$86.00 ,0.04%,$477.52 ,0.21%,$99.41 ,0.04%,$378.11 ,$86.00 ,0.04%
Gross Sales,"$227,289.28 ",101.53%,"$231,192.87 ",101.86%,"($3,903.59)","$200,022.59 ",101.86%,"$227,289.28 ",101.53%,"$231,192.87 ",101.86%,"($3,903.59)","$200,022.59 ",101.86%
Promotions,,,,,,,,,,,,,,
Employee Meals,"($1,409.90)",(0.63%),"($2,806.72)",(1.24%),"$1,396.82 ","($2,428.40)",(1.24%),"($1,409.90)",(0.63%),"($2,806.72)",(1.24%),"$1,396.82 ","($2,428.40)",(1.24%)
20% Emp Discount,($72.16),(0.03%),($216.76),(0.10%),$144.60 ,($187.62),(0.10%),($72.16),(0.03%),($216.76),(0.10%),$144.60 ,($187.62),(0.10%)
Coupons/Promotions,"($1,937.77)",(0.87%),"($1,198.86)",(0.53%),($738.91),"($1,037.23)",(0.53%),"($1,937.77)",(0.87%),"($1,198.86)",(0.53%),($738.91),"($1,037.23)",(0.53%)
Net Sales,"$223,869.45 ",100.00%,"$226,970.53 ",100.00%,"($3,101.08)","$196,369.34 ",100.00%,"$223,869.45 ",100.00%,"$226,970.53 ",100.00%,"($3,101.08)","$196,369.34 ",100.00%
,,,,,,,,,,,,,,
Cost of Sales,,,,,,,,,,,,,,
Grocery,"$13,842.03 ",6.18%,"$13,268.04 ",5.85%,$573.99 ,"$11,998.96 ",6.11%,"$13,842.03 ",6.18%,"$13,268.04 ",5.85%,$573.99 ,"$11,998.96 ",6.11%
Meat,"$20,671.66 ",9.23%,"$22,317.22 ",9.83%,"($1,645.56)","$17,334.84 ",8.83%,"$20,671.66 ",9.23%,"$22,317.22 ",9.83%,"($1,645.56)","$17,334.84 ",8.83%
Produce,"$8,364.06 ",3.74%,"$8,976.39 ",3.95%,($612.33),"$6,278.00 ",3.20%,"$8,364.06 ",3.74%,"$8,976.39 ",3.95%,($612.33),"$6,278.00 ",3.20%
Sea Food,"$3,635.09 ",1.62%,"$3,964.77 ",1.75%,($329.68),"$4,483.04 ",2.28%,"$3,635.09 ",1.62%,"$3,964.77 ",1.75%,($329.68),"$4,483.04 ",2.28%
Drinks,"$6,149.56 ",2.75%,"$6,525.70 ",2.88%,($376.14),"$4,854.19 ",2.47%,"$6,149.56 ",2.75%,"$6,525.70 ",2.88%,($376.14),"$4,854.19 ",2.47%
Paper Goods,"$6,704.17 ",2.99%,"$4,903.65 ",2.16%,"$1,800.52 ","$3,589.47 ",1.83%,"$6,704.17 ",2.99%,"$4,903.65 ",2.16%,"$1,800.52 ","$3,589.47 ",1.83%
Other,$534.93 ,0.24%,$399.52 ,0.18%,$135.41 ,$365.55 ,0.19%,$534.93 ,0.24%,$399.52 ,0.18%,$135.41 ,$365.55 ,0.19%
Cost of Goods Sold,"$59,901.50 ",26.76%,"$60,355.29 ",26.59%,($453.79),"$48,904.05 ",24.90%,"$59,901.50 ",26.76%,"$60,355.29 ",26.59%,($453.79),"$48,904.05 ",24.90%
,,,,,,,,,,,,,,
Labor,,,,,,,,,,,,,,
Front,"$21,290.29 ",9.51%,"$14,234.61 ",6.27%,"$7,055.68 ","$18,753.39 ",9.55%,"$21,290.29 ",9.51%,"$14,234.61 ",6.27%,"$7,055.68 ","$18,753.39 ",9.55%
Back,"$21,041.79 ",9.40%,"$26,001.04 ",11.46%,"($4,959.25)","$22,522.08 ",11.47%,"$21,041.79 ",9.40%,"$26,001.04 ",11.46%,"($4,959.25)","$22,522.08 ",11.47%
Overtime,"$3,024.13 ",1.35%,$0.00 ,0.00%,"$3,024.13 ","$2,573.13 ",1.31%,"$3,024.13 ",1.35%,$0.00 ,0.00%,"$3,024.13 ","$2,573.13 ",1.31%
Training Wages,$0.00 ,0.00%,$0.00 ,0.00%,$0.00 ,$0.00 ,0.00%,$0.00 ,0.00%,$0.00 ,0.00%,$0.00 ,$0.00 ,0.00%
Emergency Store Closure Pay,$0.00 ,0.00%,$0.00 ,0.00%,$0.00 ,$0.00 ,0.00%,$0.00 ,0.00%,$0.00 ,0.00%,$0.00 ,$0.00 ,0.00%
Direct Labor,"$45,356.21 ",20.26%,"$40,235.65 ",17.73%,"$5,120.56 ","$43,848.60 ",22.33%,"$45,356.21 ",20.26%,"$40,235.65 ",17.73%,"$5,120.56 ","$43,848.60 ",22.33%
GM Salaries,"$6,155.70 ",2.75%,"$7,369.90 ",3.25%,"($1,214.20)",$0.00 ,0.00%,"$6,155.70 ",2.75%,"$7,369.90 ",3.25%,"($1,214.20)",$0.00 ,0.00%
GM Overtime,"$1,246.95 ",0.56%,$0.00 ,0.00%,"$1,246.95 ",$0.00 ,0.00%,"$1,246.95 ",0.56%,$0.00 ,0.00%,"$1,246.95 ",$0.00 ,0.00%
Other MGMT Salaries,"$3,617.17 ",1.62%,"$11,258.06 ",4.96%,"($7,640.89)","$8,278.72 ",4.22%,"$3,617.17 ",1.62%,"$11,258.06 ",4.96%,"($7,640.89)","$8,278.72 ",4.22%
Other MGMT Overtime,$603.73 ,0.27%,$0.00 ,0.00%,$603.73 ,"$1,120.84 ",0.57%,$603.73 ,0.27%,$0.00 ,0.00%,$603.73 ,"$1,120.84 ",0.57%
Guaranteed Hourly,$0.00 ,0.00%,$0.00 ,0.00%,$0.00 ,$0.00 ,0.00%,$0.00 ,0.00%,$0.00 ,0.00%,$0.00 ,$0.00 ,0.00%
Bereavement Pay,$0.00 ,0.00%,$0.00 ,0.00%,$0.00 ,$0.00 ,0.00%,$0.00 ,0.00%,$0.00 ,0.00%,$0.00 ,$0.00 ,0.00%
Guaranteed Overtime,$0.00 ,0.00%,$0.00 ,0.00%,$0.00 ,$0.00 ,0.00%,$0.00 ,0.00%,$0.00 ,0.00%,$0.00 ,$0.00 ,0.00%
Management Labor,"$11,623.55 ",5.19%,"$18,627.96 ",8.21%,"($7,004.41)","$9,399.56 ",4.79%,"$11,623.55 ",5.19%,"$18,627.96 ",8.21%,"($7,004.41)","$9,399.56 ",4.79%
Payroll Taxes,"$5,711.04 ",2.55%,"$6,209.56 ",2.74%,($498.52),"$5,389.39 ",2.74%,"$5,711.04 ",2.55%,"$6,209.56 ",2.74%,($498.52),"$5,389.39 ",2.74%
Meal break Premium,$0.00 ,0.00%,$0.00 ,0.00%,$0.00 ,$0.00 ,0.00%,$0.00 ,0.00%,$0.00 ,0.00%,$0.00 ,$0.00 ,0.00%
Rest Break Premium,$0.00 ,0.00%,$0.00 ,0.00%,$0.00 ,$0.00 ,0.00%,$0.00 ,0.00%,$0.00 ,0.00%,$0.00 ,$0.00 ,0.00%
Scheduling Premium Pay,$0.00 ,0.00%,$0.00 ,0.00%,$0.00 ,$0.00 ,0.00%,$0.00 ,0.00%,$0.00 ,0.00%,$0.00 ,$0.00 ,0.00%
Workers Comp,$684.41 ,0.31%,$428.38 ,0.19%,$256.03 ,$689.23 ,0.35%,$684.41 ,0.31%,$428.38 ,0.19%,$256.03 ,$689.23 ,0.35%
Benefits,"$1,175.97 ",0.53%,"$2,872.71 ",1.27%,"($1,696.74)","$1,206.46 ",0.61%,"$1,175.97 ",0.53%,"$2,872.71 ",1.27%,"($1,696.74)","$1,206.46 ",0.61%
Bonus,"$4,000.76 ",1.79%,"$2,798.51 ",1.23%,"$1,202.25 ","$5,476.47 ",2.79%,"$4,000.76 ",1.79%,"$2,798.51 ",1.23%,"$1,202.25 ","$5,476.47 ",2.79%
Vacation,($703.81),(0.31%),"$2,050.58 ",0.90%,"($2,754.39)","$1,776.98 ",0.90%,($703.81),(0.31%),"$2,050.58 ",0.90%,"($2,754.39)","$1,776.98 ",0.90%
Taxes and Benefits,"$10,868.37 ",4.85%,"$14,359.74 ",6.33%,"($3,491.37)","$14,538.53 ",7.40%,"$10,868.37 ",4.85%,"$14,359.74 ",6.33%,"($3,491.37)","$14,538.53 ",7.40%
Total Labor,"$67,848.13 ",30.31%,"$73,223.35 ",32.26%,"($5,375.22)","$67,786.69 ",34.52%,"$67,848.13 ",30.31%,"$73,223.35 ",32.26%,"($5,375.22)","$67,786.69 ",34.52%
,,,,,,,,,,,,,,
Controllables,,,,,,,,,,,,,,
Third Party Delivery Fee,"$3,505.36 ",1.57%,"$2,617.98 ",1.15%,$887.38 ,"$2,288.10 ",1.17%,"$3,505.36 ",1.57%,"$2,617.98 ",1.15%,$887.38 ,"$2,288.10 ",1.17%
DAAS-Delivery Fee,$0.00 ,0.00%,$2.16 ,0.00%,($2.16),$13.50 ,0.01%,$0.00 ,0.00%,$2.16 ,0.00%,($2.16),$13.50 ,0.01%
DAAS-Delivery Fee-Doordash,$105.40 ,0.05%,$37.86 ,0.02%,$67.54 ,$2.16 ,0.00%,$105.40 ,0.05%,$37.86 ,0.02%,$67.54 ,$2.16 ,0.00%
Third Party Delivery Fees,"$3,399.96 ",1.52%,"$2,577.96 ",1.14%,$822.00 ,"$2,272.44 ",1.16%,"$3,399.96 ",1.52%,"$2,577.96 ",1.14%,$822.00 ,"$2,272.44 ",1.16%
Credit Card Fees,"$5,083.36 ",2.27%,"$5,184.04 ",2.28%,($100.68),"$4,485.10 ",2.28%,"$5,083.36 ",2.27%,"$5,184.04 ",2.28%,($100.68),"$4,485.10 ",2.28%
7020:Credit card Fees,"$5,083.36 ",2.27%,"$5,184.04 ",2.28%,($100.68),"$4,485.10 ",2.28%,"$5,083.36 ",2.27%,"$5,184.04 ",2.28%,($100.68),"$4,485.10 ",2.28%
Credit Card Fees,"$5,068.53 ",2.26%,"$5,177.37 ",2.28%,($108.84),"$4,479.33 ",2.28%,"$5,068.53 ",2.26%,"$5,177.37 ",2.28%,($108.84),"$4,479.33 ",2.28%
Gift Card Fees,$14.83 ,0.01%,$6.67 ,0.00%,$8.16 ,$5.77 ,0.00%,$14.83 ,0.01%,$6.67 ,0.00%,$8.16 ,$5.77 ,0.00%
Broadband,$196.44 ,0.09%,$236.27 ,0.10%,($39.83),$332.84 ,0.17%,$196.44 ,0.09%,$236.27 ,0.10%,($39.83),$332.84 ,0.17%
Electricity,"$1,588.44 ",0.71%,"$1,460.25 ",0.64%,$128.19 ,"$1,348.70 ",0.69%,"$1,588.44 ",0.71%,"$1,460.25 ",0.64%,$128.19 ,"$1,348.70 ",0.69%
Gas,"$1,254.12 ",0.56%,"$1,344.14 ",0.59%,($90.02),"$1,221.03 ",0.62%,"$1,254.12 ",0.56%,"$1,344.14 ",0.59%,($90.02),"$1,221.03 ",0.62%
Telephone,$47.02 ,0.02%,$37.53 ,0.02%,$9.49 ,$35.15 ,0.02%,$47.02 ,0.02%,$37.53 ,0.02%,$9.49 ,$35.15 ,0.02%
Waste Disposal,$0.00 ,0.00%,$0.00 ,0.00%,$0.00 ,$0.00 ,0.00%,$0.00 ,0.00%,$0.00 ,0.00%,$0.00 ,$0.00 ,0.00%
Water,$925.00 ,0.41%,"$1,020.92 ",0.45%,($95.92),$925.00 ,0.47%,$925.00 ,0.41%,"$1,020.92 ",0.45%,($95.92),$925.00 ,0.47%
Computer Software Expense,$0.00 ,0.00%,$40.19 ,0.02%,($40.19),$40.19 ,0.02%,$0.00 ,0.00%,$40.19 ,0.02%,($40.19),$40.19 ,0.02%
7130:Computer Software Expenses,$0.00 ,0.00%,$40.19 ,0.02%,($40.19),$40.19 ,0.02%,$0.00 ,0.00%,$40.19 ,0.02%,($40.19),$40.19 ,0.02%
Computer Software Expense,$0.00 ,0.00%,$40.19 ,0.02%,($40.19),$40.19 ,0.02%,$0.00 ,0.00%,$40.19 ,0.02%,($40.19),$40.19 ,0.02%
Office and Computer Supplies,$121.58 ,0.05%,$0.00 ,0.00%,$121.58 ,$0.00 ,0.00%,$121.58 ,0.05%,$0.00 ,0.00%,$121.58 ,$0.00 ,0.00%
7150:Office and Computer Supplies,$59.05 ,0.03%,$0.00 ,0.00%,$59.05 ,$0.00 ,0.00%,$59.05 ,0.03%,$0.00 ,0.00%,$59.05 ,$0.00 ,0.00%
Computer Supplies Expense,$59.05 ,0.03%,$0.00 ,0.00%,$59.05 ,$0.00 ,0.00%,$59.05 ,0.03%,$0.00 ,0.00%,$59.05 ,$0.00 ,0.00%
Office Supplies & Printing Expense,$0.00 ,0.00%,$0.00 ,0.00%,$0.00 ,$0.00 ,0.00%,$0.00 ,0.00%,$0.00 ,0.00%,$0.00 ,$0.00 ,0.00%
7500:Restaurant Expense,$62.53 ,0.03%,$0.00 ,0.00%,$62.53 ,$0.00 ,0.00%,$62.53 ,0.03%,$0.00 ,0.00%,$62.53 ,$0.00 ,0.00%
Office Supplies,$62.53 ,0.03%,$0.00 ,0.00%,$62.53 ,$0.00 ,0.00%,$62.53 ,0.03%,$0.00 ,0.00%,$62.53 ,$0.00 ,0.00%
Education and Training Other,$0.00 ,0.00%,$0.00 ,0.00%,$0.00 ,$0.00 ,0.00%,$0.00 ,0.00%,$0.00 ,0.00%,$0.00 ,$0.00 ,0.00%
Recruitment,$0.00 ,0.00%,$0.00 ,0.00%,$0.00 ,$0.00 ,0.00%,$0.00 ,0.00%,$0.00 ,0.00%,$0.00 ,$0.00 ,0.00%
Professional Services,$0.00 ,0.00%,$0.00 ,0.00%,$0.00 ,$0.00 ,0.00%,$0.00 ,0.00%,$0.00 ,0.00%,$0.00 ,$0.00 ,0.00%
Travel Expenses,$0.00 ,0.00%,$0.00 ,0.00%,$0.00 ,$0.00 ,0.00%,$0.00 ,0.00%,$0.00 ,0.00%,$0.00 ,$0.00 ,0.00%
Bank Fees,$107.95 ,0.05%,$98.12 ,0.04%,$9.83 ,$84.89 ,0.04%,$107.95 ,0.05%,$98.12 ,0.04%,$9.83 ,$84.89 ,0.04%
7350:Other Expenses,$107.95 ,0.05%,$98.12 ,0.04%,$9.83 ,$84.89 ,0.04%,$107.95 ,0.05%,$98.12 ,0.04%,$9.83 ,$84.89 ,0.04%
Bank Fees,$107.95 ,0.05%,$98.12 ,0.04%,$9.83 ,$84.89 ,0.04%,$107.95 ,0.05%,$98.12 ,0.04%,$9.83 ,$84.89 ,0.04%
Dues and Subscriptions,$0.00 ,0.00%,$0.00 ,0.00%,$0.00 ,$0.00 ,0.00%,$0.00 ,0.00%,$0.00 ,0.00%,$0.00 ,$0.00 ,0.00%
Moving and Relocation Expenses,$0.00 ,0.00%,$0.00 ,0.00%,$0.00 ,$0.00 ,0.00%,$0.00 ,0.00%,$0.00 ,0.00%,$0.00 ,$0.00 ,0.00%
Other Expenses,$0.00 ,0.00%,$0.00 ,0.00%,$0.00 ,$0.00 ,0.00%,$0.00 ,0.00%,$0.00 ,0.00%,$0.00 ,$0.00 ,0.00%
Postage and Courier Service,$48.54 ,0.02%,$24.39 ,0.01%,$24.15 ,$24.39 ,0.01%,$48.54 ,0.02%,$24.39 ,0.01%,$24.15 ,$24.39 ,0.01%
7350:Other Expenses,$48.54 ,0.02%,$24.39 ,0.01%,$24.15 ,$24.39 ,0.01%,$48.54 ,0.02%,$24.39 ,0.01%,$24.15 ,$24.39 ,0.01%
Postage and Courier Service,$48.54 ,0.02%,$24.39 ,0.01%,$24.15 ,$24.39 ,0.01%,$48.54 ,0.02%,$24.39 ,0.01%,$24.15 ,$24.39 ,0.01%
Repairs,"$1,136.27 ",0.51%,"$2,090.70 ",0.92%,($954.43),"$2,442.01 ",1.24%,"$1,136.27 ",0.51%,"$2,090.70 ",0.92%,($954.43),"$2,442.01 ",1.24%
7400:Repairs,"$1,136.27 ",0.51%,"$2,090.70 ",0.92%,($954.43),"$2,442.01 ",1.24%,"$1,136.27 ",0.51%,"$2,090.70 ",0.92%,($954.43),"$2,442.01 ",1.24%
Electrical Sign and Logo Repairs,$418.76 ,0.19%,$0.00 ,0.00%,$418.76 ,$0.00 ,0.00%,$418.76 ,0.19%,$0.00 ,0.00%,$418.76 ,$0.00 ,0.00%
Equipment Parts Repairs,$717.51 ,0.32%,$0.00 ,0.00%,$717.51 ,$136.90 ,0.07%,$717.51 ,0.32%,$0.00 ,0.00%,$717.51 ,$136.90 ,0.07%
Furniture Repairs,$0.00 ,0.00%,$0.00 ,0.00%,$0.00 ,$798.99 ,0.41%,$0.00 ,0.00%,$0.00 ,0.00%,$0.00 ,$798.99 ,0.41%
Miscellaneous Repair,$0.00 ,0.00%,"$2,090.70 ",0.92%,"($2,090.70)",$0.00 ,0.00%,$0.00 ,0.00%,"$2,090.70 ",0.92%,"($2,090.70)",$0.00 ,0.00%
Plumbing Repairs,$0.00 ,0.00%,$0.00 ,0.00%,$0.00 ,"$1,506.12 ",0.77%,$0.00 ,0.00%,$0.00 ,0.00%,$0.00 ,"$1,506.12 ",0.77%
Maintenance,$300.92 ,0.13%,"$2,232.51 ",0.98%,"($1,931.59)",$141.34 ,0.07%,$300.92 ,0.13%,"$2,232.51 ",0.98%,"($1,931.59)",$141.34 ,0.07%
7420:Maintenance,$300.92 ,0.13%,"$2,232.51 ",0.98%,"($1,931.59)",$141.34 ,0.07%,$300.92 ,0.13%,"$2,232.51 ",0.98%,"($1,931.59)",$141.34 ,0.07%
Contract Maintenance Miscellaneous,$42.20 ,0.02%,"$2,232.51 ",0.98%,"($2,190.31)",$141.34 ,0.07%,$42.20 ,0.02%,"$2,232.51 ",0.98%,"($2,190.31)",$141.34 ,0.07%
Grease Trap Maintenance,$258.72 ,0.12%,$0.00 ,0.00%,$258.72 ,$0.00 ,0.00%,$258.72 ,0.12%,$0.00 ,0.00%,$258.72 ,$0.00 ,0.00%
Restaurant Expenses,"$2,613.14 ",1.17%,"$2,923.83 ",1.29%,($310.69),"$1,495.67 ",0.76%,"$2,613.14 ",1.17%,"$2,923.83 ",1.29%,($310.69),"$1,495.67 ",0.76%
7500:Restaurant Expense,"$2,613.14 ",1.17%,"$2,923.83 ",1.29%,($310.69),"$1,495.67 ",0.76%,"$2,613.14 ",1.17%,"$2,923.83 ",1.29%,($310.69),"$1,495.67 ",0.76%
Ambiance and Decors,$22.25 ,0.01%,$89.11 ,0.04%,($66.86),$89.11 ,0.05%,$22.25 ,0.01%,$89.11 ,0.04%,($66.86),$89.11 ,0.05%
Armor Carrier Services,$489.76 ,0.22%,$902.18 ,0.40%,($412.42),$902.18 ,0.46%,$489.76 ,0.22%,$902.18 ,0.40%,($412.42),$902.18 ,0.46%
Cash Over and Short,$0.22 ,0.00%,$0.00 ,0.00%,$0.22 ,"($1,009.38)",(0.51%),$0.22 ,0.00%,$0.00 ,0.00%,$0.22 ,"($1,009.38)",(0.51%)
Chemical Supplies,$541.92 ,0.24%,$530.76 ,0.23%,$11.16 ,$459.20 ,0.23%,$541.92 ,0.24%,$530.76 ,0.23%,$11.16 ,$459.20 ,0.23%
Cleaning Supplies,$608.54 ,0.27%,$515.45 ,0.23%,$93.09 ,$211.28 ,0.11%,$608.54 ,0.27%,$515.45 ,0.23%,$93.09 ,$211.28 ,0.11%
Equipment Rental,$52.90 ,0.02%,$0.00 ,0.00%,$52.90 ,$0.00 ,0.00%,$52.90 ,0.02%,$0.00 ,0.00%,$52.90 ,$0.00 ,0.00%
Exterminating Service,$0.00 ,0.00%,$166.76 ,0.07%,($166.76),$166.76 ,0.08%,$0.00 ,0.00%,$166.76 ,0.07%,($166.76),$166.76 ,0.08%
Laundry and Linen,$167.46 ,0.07%,$164.62 ,0.07%,$2.84 ,$162.82 ,0.08%,$167.46 ,0.07%,$164.62 ,0.07%,$2.84 ,$162.82 ,0.08%
Marketing LSM,$0.21 ,0.00%,$0.00 ,0.00%,$0.21 ,$0.00 ,0.00%,$0.21 ,0.00%,$0.00 ,0.00%,$0.21 ,$0.00 ,0.00%
Menu and Other Printing,$13.12 ,0.01%,$0.00 ,0.00%,$13.12 ,$0.00 ,0.00%,$13.12 ,0.01%,$0.00 ,0.00%,$13.12 ,$0.00 ,0.00%
Mystery Shopper Fee,$62.50 ,0.03%,$0.00 ,0.00%,$62.50 ,$0.00 ,0.00%,$62.50 ,0.03%,$0.00 ,0.00%,$62.50 ,$0.00 ,0.00%
Online Order Processing Fee,$8.97 ,0.00%,$91.78 ,0.04%,($82.81),$50.53 ,0.03%,$8.97 ,0.00%,$91.78 ,0.04%,($82.81),$50.53 ,0.03%
Safety Supplies,$207.42 ,0.09%,$118.04 ,0.05%,$89.38 ,$118.04 ,0.06%,$207.42 ,0.09%,$118.04 ,0.05%,$89.38 ,$118.04 ,0.06%
Security Service,$165.30 ,0.07%,$158.21 ,0.07%,$7.09 ,$158.21 ,0.08%,$165.30 ,0.07%,$158.21 ,0.07%,$7.09 ,$158.21 ,0.08%
Uniform Expense,$272.57 ,0.12%,$186.92 ,0.08%,$85.65 ,$186.92 ,0.10%,$272.57 ,0.12%,$186.92 ,0.08%,$85.65 ,$186.92 ,0.10%
Restaurant Supplies,$666.38 ,0.30%,$743.62 ,0.33%,($77.24),$275.41 ,0.14%,$666.38 ,0.30%,$743.62 ,0.33%,($77.24),$275.41 ,0.14%
7500:Restaurant Expense,$666.38 ,0.30%,$743.62 ,0.33%,($77.24),$275.41 ,0.14%,$666.38 ,0.30%,$743.62 ,0.33%,($77.24),$275.41 ,0.14%
Restaurant Supplies,$666.38 ,0.30%,$743.62 ,0.33%,($77.24),$275.41 ,0.14%,$666.38 ,0.30%,$743.62 ,0.33%,($77.24),$275.41 ,0.14%
Total Controllables,"$17,594.52 ",7.86%,"$20,054.49 ",8.84%,"($2,459.97)","$15,139.82 ",7.71%,"$17,594.52 ",7.86%,"$20,054.49 ",8.84%,"($2,459.97)","$15,139.82 ",7.71%
Profit Before Adv,"$78,525.30 ",35.08%,"$73,337.40 ",32.31%,"$5,187.90 ","$64,538.78 ",32.87%,"$78,525.30 ",35.08%,"$73,337.40 ",32.31%,"$5,187.90 ","$64,538.78 ",32.87%
,,,,,,,,,,,,,,
Advertising,,,,,,,,,,,,,,
Corporate Advertising,"$1,655.15 ",0.74%,"$1,355.15 ",0.60%,$300.00 ,"$1,065.85 ",0.54%,"$1,655.15 ",0.74%,"$1,355.15 ",0.60%,$300.00 ,"$1,065.85 ",0.54%
Media,$203.40 ,0.09%,$203.40 ,0.09%,$0.00 ,$288.67 ,0.15%,$203.40 ,0.09%,$203.40 ,0.09%,$0.00 ,$288.67 ,0.15%
Local Store Marketing,$101.70 ,0.05%,$101.70 ,0.04%,$0.00 ,$299.36 ,0.15%,$101.70 ,0.05%,$101.70 ,0.04%,$0.00 ,$299.36 ,0.15%
Grand Opening,$0.00 ,0.00%,$0.00 ,0.00%,$0.00 ,$0.00 ,0.00%,$0.00 ,0.00%,$0.00 ,0.00%,$0.00 ,$0.00 ,0.00%
Lease Marketing,"$5,078.17 ",2.27%,"$5,194.67 ",2.29%,($116.50),"$4,494.26 ",2.29%,"$5,078.17 ",2.27%,"$5,194.67 ",2.29%,($116.50),"$4,494.26 ",2.29%
Advertising,"$7,038.42 ",3.14%,"$6,854.92 ",3.02%,$183.50 ,"$6,148.14 ",3.13%,"$7,038.42 ",3.14%,"$6,854.92 ",3.02%,$183.50 ,"$6,148.14 ",3.13%
Controllable Profit,"$71,486.88 ",31.93%,"$66,482.48 ",29.29%,"$5,004.40 ","$58,390.64 ",29.74%,"$71,486.88 ",31.93%,"$66,482.48 ",29.29%,"$5,004.40 ","$58,390.64 ",29.74%
,,,,,,,,,,,,,,
Fixed Costs,,,,,,,,,,,,,,
Rent - MIN,"$14,607.95 ",6.53%,"$14,582.95 ",6.43%,$25.00 ,"$11,940.01 ",6.08%,"$14,607.95 ",6.53%,"$14,582.95 ",6.43%,$25.00 ,"$11,940.01 ",6.08%
Rent - Storage,$0.00 ,0.00%,$0.00 ,0.00%,$0.00 ,$0.00 ,0.00%,$0.00 ,0.00%,$0.00 ,0.00%,$0.00 ,$0.00 ,0.00%
Rent - Percent,"$1,405.09 ",0.63%,$0.00 ,0.00%,"$1,405.09 ",$0.00 ,0.00%,"$1,405.09 ",0.63%,$0.00 ,0.00%,"$1,405.09 ",$0.00 ,0.00%
Rent - Other,"$6,036.00 ",2.70%,"$6,293.79 ",2.77%,($257.79),"$6,002.00 ",3.06%,"$6,036.00 ",2.70%,"$6,293.79 ",2.77%,($257.79),"$6,002.00 ",3.06%
Rent - Deferred Preopening,$0.00 ,0.00%,$0.00 ,0.00%,$0.00 ,$0.00 ,0.00%,$0.00 ,0.00%,$0.00 ,0.00%,$0.00 ,$0.00 ,0.00%
Insurance,$835.50 ,0.37%,$604.96 ,0.27%,$230.54 ,$633.89 ,0.32%,$835.50 ,0.37%,$604.96 ,0.27%,$230.54 ,$633.89 ,0.32%
Taxes,$274.88 ,0.12%,$253.73 ,0.11%,$21.15 ,$264.99 ,0.13%,$274.88 ,0.12%,$253.73 ,0.11%,$21.15 ,$264.99 ,0.13%
License and Fees,"$2,845.01 ",1.27%,"$2,539.64 ",1.12%,$305.37 ,"$2,539.64 ",1.29%,"$2,845.01 ",1.27%,"$2,539.64 ",1.12%,$305.37 ,"$2,539.64 ",1.29%
7780:Business license and fee,"$2,845.01 ",1.27%,"$2,539.64 ",1.12%,$305.37 ,"$2,539.64 ",1.29%,"$2,845.01 ",1.27%,"$2,539.64 ",1.12%,$305.37 ,"$2,539.64 ",1.29%
Business license and fee,"$2,845.01 ",1.27%,"$2,539.64 ",1.12%,$305.37 ,"$2,539.64 ",1.29%,"$2,845.01 ",1.27%,"$2,539.64 ",1.12%,$305.37 ,"$2,539.64 ",1.29%
Amortization,$499.73 ,0.22%,$499.73 ,0.22%,$0.00 ,$499.73 ,0.25%,$499.73 ,0.22%,$499.73 ,0.22%,$0.00 ,$499.73 ,0.25%
Depreciation,"$14,411.06 ",6.44%,"$14,032.16 ",6.18%,$378.90 ,"$11,305.95 ",5.76%,"$14,411.06 ",6.44%,"$14,032.16 ",6.18%,$378.90 ,"$11,305.95 ",5.76%
Total Fixed Cost,"$40,915.22 ",18.28%,"$38,806.96 ",17.10%,"$2,108.26 ","$33,186.21 ",16.90%,"$40,915.22 ",18.28%,"$38,806.96 ",17.10%,"$2,108.26 ","$33,186.21 ",16.90%
Restaurant Contribution,"$30,571.66 ",13.66%,"$27,675.52 ",12.19%,"$2,896.14 ","$25,204.43 ",12.84%,"$30,571.66 ",13.66%,"$27,675.52 ",12.19%,"$2,896.14 ","$25,204.43 ",12.84%
Cashflow,"$45,482.45 ",20.32%,"$42,207.41 ",18.60%,"$3,275.04 ","$37,010.11 ",18.85%,"$45,482.45 ",20.32%,"$42,207.41 ",18.60%,"$3,275.04 ","$37,010.11 ",18.85%
,,,,,,,,,,,,,,
Statistics,,,,,,,,,,,,,,
Sales Data,,,,,,,,,,,,,,
Total Transactions,"14,707.00",0,"15,233.00",0,-526.00,"13,483.00",0,"14,707.00",0,"15,233.00",0,-526.00,"13,483.00",0
Check Avg - Net,15.22,(0),14.90,(0),0.32,14.56,(0),15.22,(0),14.90,(0),0.32,14.56,(0)
Fundraising Events Sales,0.00,0,0.00,0,0.00,0.00,0,0.00,0,0.00,0,0.00,0.00,0
Virtual Fundraising Sales,0.00,0,0.00,0,0.00,0.00,0,0.00,0,0.00,0,0.00,0.00,0
Catering Sales,"2,762.35",0,0.00,0,"2,762.35",758.60,0,"2,762.35",0,0.00,0,"2,762.35",758.60,0
Panda Digital Sales,"17,033.32",0,0.00,0,"17,033.32","9,958.50",0,"17,033.32",0,0.00,0,"17,033.32","9,958.50",0
3rd Party Digital Sales,"18,605.20",0,0.00,0,"18,605.20","12,745.72",0,"18,605.20",0,0.00,0,"18,605.20","12,745.72",0
Reward Redemptions,714.30,0,0.00,0,714.30,498.30,0,714.30,0,0.00,0,714.30,498.30,0
,,,,,,,,,,,,,,
Daypart & Sales Channel %,,,,,,,,,,,,,,
Breakfast %,2.49%,0,0.00%,0,2.49%,2.72%,0,2.49%,0,0.00%,0,2.49%,2.72%,0
Lunch %,32.73%,0,0.00%,0,32.73%,33.01%,0,32.73%,0,0.00%,0,32.73%,33.01%,0
Afternoon %,32.65%,0,0.00%,0,32.65%,32.02%,0,32.65%,0,0.00%,0,32.65%,32.02%,0
Evening %,2.75%,0,0.00%,0,2.75%,3.44%,0,2.75%,0,0.00%,0,2.75%,3.44%,0
Dinner %,29.38%,0,0.00%,0,29.38%,28.81%,0,29.38%,0,0.00%,0,29.38%,28.81%,0
Dine In %,6.11%,0,0.00%,0,6.11%,14.99%,0,6.11%,0,0.00%,0,6.11%,14.99%,0
Take Out %,77.83%,0,0.00%,0,77.83%,73.38%,0,77.83%,0,0.00%,0,77.83%,73.38%,0
Drive Thru %,0.00%,0,0.00%,0,0.00%,0.00%,0,0.00%,0,0.00%,0,0.00%,0.00%,0
3rd Party Digital %,8.36%,0,0.00%,0,8.36%,6.49%,0,8.36%,0,0.00%,0,8.36%,6.49%,0
Panda Digital %,7.66%,0,0.00%,0,7.66%,5.08%,0,7.66%,0,0.00%,0,7.66%,5.08%,0
In Store Catering %,0.04%,0,0.00%,0,0.04%,0.06%,0,0.04%,0,0.00%,0,0.04%,0.06%,0
,,,,,,,,,,,,,,
Labor Data,,,,,,,,,,,,,,
Direct Labor Hours Total,"1,870.01",0,"1,648.32",0,221.69,"1,818.88",0,"1,870.01",0,"1,648.32",0,221.69,"1,818.88",0
Average Hourly Wage,24.25,0,24.41,0,-0.16,24.11,0,24.25,0,24.41,0,-0.16,24.11,0
Direct Labor Hours,"1,786.66",0,"1,648.32",0,138.34,"1,747.83",0,"1,786.66",0,"1,648.32",0,138.34,"1,747.83",0
Overtime Hours,83.35,0,0.00,0,83.35,71.05,0,83.35,0,0.00,0,83.35,71.05,0
Training Hours,0.00,0,0.00,0,0.00,0.00,0,0.00,0,0.00,0,0.00,0.00,0
Guaranteed Hours,0.00,0,0.00,0,0.00,0.00,0,0.00,0,0.00,0,0.00,0.00,0
Management Hours,353.01,0,560.00,0,-206.99,303.41,0,353.01,0,560.00,0,-206.99,303.41,0
Direct Hours Productivity,119.72,(0),137.70,(0),-17.98,107.96,(0),119.72,(0),137.70,(0),-17.98,107.96,(0)
Total Hours Productivity,100.71,(0),102.78,(0),-2.07,92.53,(0),100.71,(0),102.78,(0),-2.07,92.53,(0)
Direct Hours Transaction Productivity,7.86,0,9.24,0,-1.38,7.41,0,7.86,0,9.24,0,-1.38,7.41,0
Total Hours Transaction Productivity,6.62,0,6.90,0,-0.28,6.35,0,6.62,0,6.90,0,-0.28,6.35,0
Management Headcount,1.00,0,1.00,0,0.00,1.00,0,1.00,0,1.00,0,0.00,1.00,0
Assistant Manager Headcount,1.00,0,2.00,0,-1.00,1.00,0,1.00,0,2.00,0,-1.00,1.00,0
Chef Headcount,0.00,0,0.00,0,0.00,0.00,0,0.00,0,0.00,0,0.00,0.00,0
,,,,,,,,,,,,,,
PSA - Per Store Average,,,,,,,,,,,,,,
Store Period,1.00,0,1.00,0,0.00,1.00,0,1.00,0,1.00,0,0.00,1.00,0
PSA - Transactions,"14,707.00",0,"15,233.00",0,-526.00,"13,483.00",0,"14,707.00",0,"15,233.00",0,-526.00,"13,483.00",0
PSA - Net Sales,"223,869.45",(1),"226,970.53",(1),"-3,101.08","196,369.34",(1),"223,869.45",(1),"226,970.53",(1),"-3,101.08","196,369.34",(1)
PSA - Total Labor,"67,848.13",0,"73,223.35",0,"-5,375.22","67,786.69",0,"67,848.13",0,"73,223.35",0,"-5,375.22","67,786.69",0
PSA - Controllables,"17,594.52",0,"20,054.49",0,"-2,459.97","15,139.82",0,"17,594.52",0,"20,054.49",0,"-2,459.97","15,139.82",0
PSA - Control Profit,"71,486.88",(0),"66,482.48",(0),"5,004.40","58,390.64",(0),"71,486.88",(0),"66,482.48",(0),"5,004.40","58,390.64",(0)
PSA - Fixed Costs,"40,915.22",0,"38,806.96",0,"2,108.26","33,186.21",0,"40,915.22",0,"38,806.96",0,"2,108.26","33,186.21",0
PSA - Rests Contribution,"30,571.66",(0),"27,675.52",(0),"2,896.14","25,204.43",(0),"30,571.66",(0),"27,675.52",(0),"2,896.14","25,204.43",(0)
PSA - Cash Flow,"45,482.45",(0),"42,207.41",(0),"3,275.04","37,010.11",(0),"45,482.45",(0),"42,207.41",(0),"3,275.04","37,010.11",(0)